diff_loss,epoch,lip_loss,step,train_loss
0.2468573898077011,0,0.893458902835846,9,0.33620327711105347
