diff_loss,epoch,pixel_loss,step,train_loss
0.29789820313453674,0,0.39021623134613037,49,0.3369198143482208
