diff_loss,epoch,lip_loss,step,train_loss
0.05598647519946098,0,0.9726616144180298,9,0.15325263142585754
