epoch,step,train_loss
0,49,0.12950624525547028
0,99,0.11669223755598068
1,149,0.07186803966760635
1,199,0.2471010535955429
1,249,0.045674923807382584
2,299,0.23210874199867249
2,349,0.08805140107870102
3,399,0.02386121079325676
3,449,0.27347272634506226
3,499,0.1068873256444931
4,549,0.08438367396593094
4,599,0.2929212152957916
5,649,0.027099814265966415
